{
  "config": {
    "random_state": 42,
    "test_size": 0.2,
    "cv_folds": 5,
    "model": {
      "n_estimators": 200,
      "max_depth": 15,
      "min_samples_split": 5,
      "min_samples_leaf": 2,
      "class_weight": "balanced",
      "n_jobs": -1
    },
    "feature_selection": {
      "method": "importance",
      "top_k": 50
    }
  },
  "metrics": {
    "accuracy": 1.0,
    "auc": 1.0,
    "cross_validation": {
      "mean": 1.0,
      "std": 0.0,
      "scores": [
        1.0,
        1.0,
        1.0,
        1.0,
        1.0
      ]
    }
  },
  "feature_importance": {
    "Latitude": 0.005564100065316174,
    "Longitude": 0.006927763639308232,
    "Concentration": 0.6789944086539447,
    "year": 0.005396159610474879,
    "month": 0.0022669943516106534,
    "day": 0.007934252446000512,
    "day_of_year": 0.008331071486309887,
    "week_of_year": 0.00640437158910458,
    "quarter": 0.0008778600712401585,
    "month_sin": 0.00371801464449872,
    "month_cos": 0.002638182419126659,
    "day_sin": 0.00801678662507378,
    "day_cos": 0.009641390822797385,
    "days_since_start": 0.012391354354844472,
    "years_since_start": 0.01292694814224371,
    "lat_rad": 0.006387219455102801,
    "lon_rad": 0.005194382583644524,
    "x": 0.0074682279584723805,
    "y": 0.007996285718015927,
    "z": 0.006004725574346667,
    "lat_bin": 0.001819713393616099,
    "lon_bin": 0.0015872879585623197,
    "spatial_grid": 0.004954680701187373,
    "distance_from_equator": 0.007630795129095275,
    "distance_from_prime_meridian": 0.007698853420049643,
    "northern_hemisphere": 0.00029189534351833126,
    "eastern_hemisphere": 0.00031719641579234137,
    "coastal_proxy": 0.007829478253138355,
    "Oceans_encoded": 0.0026061902410145963,
    "Oceans_Pacific": 0.001165921558957473,
    "Oceans_Atlantic": 0.0007665620474095941,
    "Oceans_Indian": 0.0007158676543227575,
    "Oceans_Arctic": 0.0004813210452430688,
    "Oceans_Southern": 0.0004067131084451208,
    "Regions_encoded": 0.004218292696395629,
    "Regions_North Pacific": 0.0006775029103188136,
    "Regions_South Atlantic": 0.0009618719247403453,
    "Regions_North Atlantic": 0.0006045408274502662,
    "Regions_North Indian": 0.00042237251308774754,
    "Regions_Antarctic": 0.0009754341794840901,
    "is_pacific": 0.0013933827842268142,
    "is_atlantic": 0.0006635178873010075,
    "is_indian": 0.000950199184751561,
    "is_arctic": 0.0003234688990806952,
    "is_southern": 0.0005837379353331009,
    "distance_to_pacific_gyre": 0.00685300980302727,
    "distance_to_atlantic_gyre": 0.00871886932840982,
    "distance_to_great_barrier_reef": 0.007461117705780169,
    "distance_to_mediterranean_center": 0.009036288257584214,
    "distance_to_north_pole": 0.006127579879012493,
    "distance_to_equator_center": 0.006002561575748245,
    "nearest_neighbor_distance": 0.009788232418016832,
    "distance_to_centroid": 0.007528518365370148,
    "lat_month_interaction": 0.008772002635954094,
    "lon_season_interaction": 0.006506642454104284,
    "gyre_distance_season": 0.0095950974316902,
    "lat_lon_product": 0.007399938069017798,
    "coord_magnitude": 0.00635031921465377,
    "spatial_Latitude_count": 0.004138129109983047,
    "spatial_Latitude_mean": 0.004160113416119151,
    "spatial_Latitude_std": 0.006917745804182344,
    "spatial_Longitude_mean": 0.004537797706267225,
    "spatial_Longitude_std": 0.008627883890145863,
    "spatial_year_min": 0.0026064643752117633,
    "spatial_year_max": 0.002573567904153571,
    "spatial_year_nunique": 0.003225240055116649,
    "monthly_Latitude_count": 0.001746362738571851,
    "monthly_Latitude_mean": 0.003600676001154526,
    "monthly_Longitude_mean": 0.0025985436367255764
  },
  "feature_names": [
    "Latitude",
    "Longitude",
    "Concentration",
    "year",
    "month",
    "day",
    "day_of_year",
    "week_of_year",
    "quarter",
    "month_sin",
    "month_cos",
    "day_sin",
    "day_cos",
    "days_since_start",
    "years_since_start",
    "lat_rad",
    "lon_rad",
    "x",
    "y",
    "z",
    "lat_bin",
    "lon_bin",
    "spatial_grid",
    "distance_from_equator",
    "distance_from_prime_meridian",
    "northern_hemisphere",
    "eastern_hemisphere",
    "coastal_proxy",
    "Oceans_encoded",
    "Oceans_Pacific",
    "Oceans_Atlantic",
    "Oceans_Indian",
    "Oceans_Arctic",
    "Oceans_Southern",
    "Regions_encoded",
    "Regions_North Pacific",
    "Regions_South Atlantic",
    "Regions_North Atlantic",
    "Regions_North Indian",
    "Regions_Antarctic",
    "is_pacific",
    "is_atlantic",
    "is_indian",
    "is_arctic",
    "is_southern",
    "distance_to_pacific_gyre",
    "distance_to_atlantic_gyre",
    "distance_to_great_barrier_reef",
    "distance_to_mediterranean_center",
    "distance_to_north_pole",
    "distance_to_equator_center",
    "nearest_neighbor_distance",
    "distance_to_centroid",
    "lat_month_interaction",
    "lon_season_interaction",
    "gyre_distance_season",
    "lat_lon_product",
    "coord_magnitude",
    "spatial_Latitude_count",
    "spatial_Latitude_mean",
    "spatial_Latitude_std",
    "spatial_Longitude_mean",
    "spatial_Longitude_std",
    "spatial_year_min",
    "spatial_year_max",
    "spatial_year_nunique",
    "monthly_Latitude_count",
    "monthly_Latitude_mean",
    "monthly_Longitude_mean"
  ],
  "is_trained": true
}